2574	https://thangmayfujith.com/wp-content/uploads/2026/04/fujith-library-20260416-01.jpg
2575	https://thangmayfujith.com/wp-content/uploads/2026/04/fujith-library-20260416-02.jpg
2576	https://thangmayfujith.com/wp-content/uploads/2026/04/fujith-library-20260416-03.jpg
2577	https://thangmayfujith.com/wp-content/uploads/2026/04/fujith-library-20260416-04.jpg
2578	https://thangmayfujith.com/wp-content/uploads/2026/04/fujith-library-20260416-05.jpg
2579	https://thangmayfujith.com/wp-content/uploads/2026/04/fujith-library-20260416-06.jpg
2580	https://thangmayfujith.com/wp-content/uploads/2026/04/fujith-library-20260416-07.jpg
2581	https://thangmayfujith.com/wp-content/uploads/2026/04/fujith-library-20260416-08.jpg
2582	https://thangmayfujith.com/wp-content/uploads/2026/04/fujith-library-20260416-09.jpg
2583	https://thangmayfujith.com/wp-content/uploads/2026/04/fujith-library-20260416-10.jpg
2584	https://thangmayfujith.com/wp-content/uploads/2026/04/fujith-library-20260416-b-01.jpg
2585	https://thangmayfujith.com/wp-content/uploads/2026/04/fujith-library-20260416-b-02.jpg
2586	https://thangmayfujith.com/wp-content/uploads/2026/04/fujith-library-20260416-b-03.jpg
2587	https://thangmayfujith.com/wp-content/uploads/2026/04/fujith-library-20260416-b-04.jpg
2588	https://thangmayfujith.com/wp-content/uploads/2026/04/fujith-library-20260416-b-05.jpg
2589	https://thangmayfujith.com/wp-content/uploads/2026/04/fujith-library-20260416-b-06.jpg
2590	https://thangmayfujith.com/wp-content/uploads/2026/04/fujith-library-20260416-b-07.jpg
2591	https://thangmayfujith.com/wp-content/uploads/2026/04/fujith-library-20260416-b-08.jpg
2592	https://thangmayfujith.com/wp-content/uploads/2026/04/fujith-library-20260416-b-09.jpg
2593	https://thangmayfujith.com/wp-content/uploads/2026/04/fujith-library-20260416-b-10.jpg
2594	https://thangmayfujith.com/wp-content/uploads/2026/04/fujith-library-20260416-c-01.jpg
2595	https://thangmayfujith.com/wp-content/uploads/2026/04/fujith-library-20260416-c-02.jpg
2596	https://thangmayfujith.com/wp-content/uploads/2026/04/fujith-library-20260416-c-03.jpg
2597	https://thangmayfujith.com/wp-content/uploads/2026/04/fujith-library-20260416-c-04.jpg
2598	https://thangmayfujith.com/wp-content/uploads/2026/04/fujith-library-20260416-c-05.jpg
2599	https://thangmayfujith.com/wp-content/uploads/2026/04/fujith-library-20260416-c-06.jpg
2600	https://thangmayfujith.com/wp-content/uploads/2026/04/fujith-library-20260416-c-07.jpg
2601	https://thangmayfujith.com/wp-content/uploads/2026/04/fujith-library-20260416-c-08.jpg
2602	https://thangmayfujith.com/wp-content/uploads/2026/04/fujith-library-20260416-c-09.jpg
2603	https://thangmayfujith.com/wp-content/uploads/2026/04/fujith-library-20260416-c-10.jpg
2604	https://thangmayfujith.com/wp-content/uploads/2026/04/fujith-library-20260416-d-01.jpg
2605	https://thangmayfujith.com/wp-content/uploads/2026/04/fujith-library-20260416-d-02.jpg
2606	https://thangmayfujith.com/wp-content/uploads/2026/04/fujith-library-20260416-d-03.jpg
2607	https://thangmayfujith.com/wp-content/uploads/2026/04/fujith-library-20260416-d-04.jpg
2608	https://thangmayfujith.com/wp-content/uploads/2026/04/fujith-library-20260416-d-05.jpg
2609	https://thangmayfujith.com/wp-content/uploads/2026/04/fujith-library-20260416-d-06.jpg
2610	https://thangmayfujith.com/wp-content/uploads/2026/04/fujith-library-20260416-d-07.jpg
2611	https://thangmayfujith.com/wp-content/uploads/2026/04/fujith-library-20260416-d-08.jpg
2612	https://thangmayfujith.com/wp-content/uploads/2026/04/fujith-library-20260416-d-09.jpg
2613	https://thangmayfujith.com/wp-content/uploads/2026/04/fujith-library-20260416-d-10.jpg
2614	https://thangmayfujith.com/wp-content/uploads/2026/04/fujith-library-20260416-e-01.jpg
2615	https://thangmayfujith.com/wp-content/uploads/2026/04/fujith-library-20260416-e-02.jpg
2616	https://thangmayfujith.com/wp-content/uploads/2026/04/fujith-library-20260416-e-03.jpg
2617	https://thangmayfujith.com/wp-content/uploads/2026/04/fujith-library-20260416-e-04.jpg
2618	https://thangmayfujith.com/wp-content/uploads/2026/04/fujith-library-20260416-e-05.jpg
2619	https://thangmayfujith.com/wp-content/uploads/2026/04/fujith-library-20260416-e-06.jpg
2620	https://thangmayfujith.com/wp-content/uploads/2026/04/fujith-library-20260416-e-07.jpg
2621	https://thangmayfujith.com/wp-content/uploads/2026/04/fujith-library-20260416-e-08.jpg
2622	https://thangmayfujith.com/wp-content/uploads/2026/04/fujith-library-20260416-e-09.jpg
2623	https://thangmayfujith.com/wp-content/uploads/2026/04/fujith-library-20260416-e-10.jpg
2624	https://thangmayfujith.com/wp-content/uploads/2026/04/fujith-library-20260416-f-01.jpg
2625	https://thangmayfujith.com/wp-content/uploads/2026/04/fujith-library-20260416-f-02.jpg
2626	https://thangmayfujith.com/wp-content/uploads/2026/04/fujith-library-20260416-f-03.jpg
2627	https://thangmayfujith.com/wp-content/uploads/2026/04/fujith-library-20260416-f-04.jpg
2628	https://thangmayfujith.com/wp-content/uploads/2026/04/fujith-library-20260416-f-05.jpg
2629	https://thangmayfujith.com/wp-content/uploads/2026/04/fujith-library-20260416-f-06.jpg
2630	https://thangmayfujith.com/wp-content/uploads/2026/04/fujith-library-20260416-f-07.jpg
2631	https://thangmayfujith.com/wp-content/uploads/2026/04/fujith-library-20260416-f-08.jpg
2632	https://thangmayfujith.com/wp-content/uploads/2026/04/fujith-library-20260416-f-09.jpg
2633	https://thangmayfujith.com/wp-content/uploads/2026/04/fujith-library-20260416-f-10.jpg
2634	https://thangmayfujith.com/wp-content/uploads/2026/04/fujith-library-20260416-g-01.jpg
2635	https://thangmayfujith.com/wp-content/uploads/2026/04/fujith-library-20260416-g-02.jpg
2636	https://thangmayfujith.com/wp-content/uploads/2026/04/fujith-library-20260416-g-03.jpg
2637	https://thangmayfujith.com/wp-content/uploads/2026/04/fujith-library-20260416-g-04.jpg
2638	https://thangmayfujith.com/wp-content/uploads/2026/04/fujith-library-20260416-g-05.jpg
2639	https://thangmayfujith.com/wp-content/uploads/2026/04/fujith-library-20260416-g-06.jpg
2640	https://thangmayfujith.com/wp-content/uploads/2026/04/fujith-library-20260416-g-07.jpg
2641	https://thangmayfujith.com/wp-content/uploads/2026/04/fujith-library-20260416-g-08.jpg
2642	https://thangmayfujith.com/wp-content/uploads/2026/04/fujith-library-20260416-g-09.jpg
2643	https://thangmayfujith.com/wp-content/uploads/2026/04/fujith-library-20260416-g-10.jpg
2644	https://thangmayfujith.com/wp-content/uploads/2026/04/fujith-library-20260416-h-01.jpg
2645	https://thangmayfujith.com/wp-content/uploads/2026/04/fujith-library-20260416-h-02.jpg
2646	https://thangmayfujith.com/wp-content/uploads/2026/04/fujith-library-20260416-h-03.jpg
2647	https://thangmayfujith.com/wp-content/uploads/2026/04/fujith-library-20260416-h-04.jpg
2648	https://thangmayfujith.com/wp-content/uploads/2026/04/fujith-library-20260416-h-05.jpg
2649	https://thangmayfujith.com/wp-content/uploads/2026/04/fujith-library-20260416-h-06.jpg
2650	https://thangmayfujith.com/wp-content/uploads/2026/04/fujith-library-20260416-h-07.jpg
2651	https://thangmayfujith.com/wp-content/uploads/2026/04/fujith-library-20260416-h-08.jpg
2652	https://thangmayfujith.com/wp-content/uploads/2026/04/fujith-library-20260416-h-09.jpg
2653	https://thangmayfujith.com/wp-content/uploads/2026/04/fujith-library-20260416-h-10.jpg
2654	https://thangmayfujith.com/wp-content/uploads/2026/04/fujith-library-20260416-i-01.jpg
2655	https://thangmayfujith.com/wp-content/uploads/2026/04/fujith-library-20260416-i-02.jpg
2656	https://thangmayfujith.com/wp-content/uploads/2026/04/fujith-library-20260416-i-03.jpg
2657	https://thangmayfujith.com/wp-content/uploads/2026/04/fujith-library-20260416-i-04.jpg
2658	https://thangmayfujith.com/wp-content/uploads/2026/04/fujith-library-20260416-i-05.jpg
2659	https://thangmayfujith.com/wp-content/uploads/2026/04/fujith-library-20260416-i-06.jpg
2660	https://thangmayfujith.com/wp-content/uploads/2026/04/fujith-library-20260416-i-07.jpg
2661	https://thangmayfujith.com/wp-content/uploads/2026/04/fujith-library-20260416-i-08.jpg
2662	https://thangmayfujith.com/wp-content/uploads/2026/04/fujith-library-20260416-j-01.jpg
2663	https://thangmayfujith.com/wp-content/uploads/2026/04/fujith-library-20260416-j-02.jpg
2664	https://thangmayfujith.com/wp-content/uploads/2026/04/fujith-library-20260416-j-03.jpg
2665	https://thangmayfujith.com/wp-content/uploads/2026/04/fujith-library-20260416-j-04.jpg
2666	https://thangmayfujith.com/wp-content/uploads/2026/04/fujith-library-20260416-j-05.jpg
2667	https://thangmayfujith.com/wp-content/uploads/2026/04/fujith-library-20260416-j-06.jpg
2668	https://thangmayfujith.com/wp-content/uploads/2026/04/fujith-library-20260416-k-01.jpg
2669	https://thangmayfujith.com/wp-content/uploads/2026/04/fujith-library-20260416-k-02.jpg
2670	https://thangmayfujith.com/wp-content/uploads/2026/04/fujith-library-20260416-k-03.jpg
2671	https://thangmayfujith.com/wp-content/uploads/2026/04/fujith-library-20260416-k-04.jpg
2672	https://thangmayfujith.com/wp-content/uploads/2026/04/fujith-library-20260416-k-05.jpg
2673	https://thangmayfujith.com/wp-content/uploads/2026/04/fujith-library-20260416-k-06.jpg
